{"_default": {"1": {"deviceId": "Beacon_1", "batteryLevel": 68.3499999999966, "controllerBattery": 100, "coreTemp": 30.848615204684116, "houseTemp": 20.56659561180758, "lastActivity": "2025-10-26T15:00:29.262228"}}}